{"stats":{"minecraft:crafted":{"minecraft:oak_planks":101,"minecraft:cooked_chicken":4,"born_in_chaos_v1:dark_metal_ingot":5,"alexscaves:serene_salad":12,"minecraft:chest":3,"alexscaves:primitive_club":2,"born_in_chaos_v1:pileof_dark_metal":5,"minecraft:smoker":1,"sophisticatedbackpacks:backpack":1,"minecraft:cooked_porkchop":19,"minecraft:crafting_table":7,"minecraft:wooden_pickaxe":1,"minecraft:smithing_table":1,"minecraft:birch_planks":8,"minecraft:yellow_dye":1,"born_in_chaos_v1:spiritual_dust":12,"minecraft:shield":1,"minecraft:stick":24,"minecraft:iron_pickaxe":1,"minecraft:iron_ingot":40,"minecraft:gold_ingot":18,"minecraft:netherite_ingot":2,"minecraft:coal":27,"alexscaves:dinosaur_nugget":12,"minecraft:blast_furnace":1,"minecraft:bone_meal":6,"minecraft:netherite_chestplate":1,"minecraft:iron_axe":1,"minecraft:wheat":402,"iceandfire:silver_ingot":1,"minecraft:bowl":32,"minecraft:air":0,"minecraft:bread":163,"minecraft:jungle_planks":174,"minecraft:blue_dye":1,"minecraft:wooden_axe":4,"minecraft:white_bed":1,"minecraft:acacia_planks":8},"minecraft:used":{"minecraft:moss_block":1,"minecraft:iron_shovel":11,"minecraft:bone_block":17,"minecraft:chest":2,"minecraft:shield":218,"minecraft:iron_sword":466,"minecraft:iron_chestplate":2,"minecraft:soul_sand":3,"minecraft:jungle_planks":29,"minecraft:obsidian":1,"minecraft:milk_bucket":6,"minecraft:iron_helmet":1,"alexscaves:pewen_log":9,"minecraft:bow":108,"minecraft:furnace":1,"minecraft:oak_planks":37,"minecraft:blackstone":9,"minecraft:ender_pearl":2,"minecraft:wooden_pickaxe":11,"minecraft:diamond_axe":256,"minecraft:golden_apple":3,"alexscaves:serene_salad":1,"minecraft:blast_furnace":1,"sophisticatedbackpacks:backpack":1,"minecraft:dark_oak_log":2,"minecraft:bread":182,"minecraft:deepslate":1,"minecraft:gravel":40,"iceandfire:myrmex_resin_jungle":2,"minecraft:golden_helmet":1,"minecraft:diamond_sword":1139,"minecraft:wooden_sword":53,"minecraft:smithing_table":1,"minecraft:cobweb":5,"minecraft:experience_bottle":1,"minecraft:oak_fence":8,"minecraft:netherrack":221,"minecraft:torch":49,"minecraft:dirt":45,"minecraft:cobblestone_wall":4,"minecraft:diamond_helmet":1,"minecraft:golden_chestplate":1,"minecraft:wooden_axe":153,"minecraft:iron_axe":81,"minecraft:iron_boots":8,"minecraft:cooked_beef":6,"minecraft:enchanted_golden_apple":1,"minecraft:iron_leggings":5,"alexscaves:dinosaur_nugget":2,"minecraft:wheat_seeds":34,"minecraft:water_bucket":54,"iceandfire:spawn_egg_amphithere":2,"alexscaves:dinosaur_chop":1,"minecraft:netherite_chestplate":3,"alexscaves:primitive_club":5,"minecraft:crafting_table":14,"minecraft:white_bed":4,"minecraft:smoker":1,"minecraft:diamond_pickaxe":379,"minecraft:iron_pickaxe":95,"domesticationinnovation:drum":1,"minecraft:potion":2,"minecraft:turtle_helmet":1,"minecraft:porkchop":3,"minecraft:cooked_porkchop":21,"minecraft:bucket":54,"minecraft:yellow_bed":2,"minecraft:diamond_leggings":1,"minecraft:chainmail_leggings":1},"minecraft:dropped":{"alexscaves:trilocaris_bucket":1,"minecraft:soul_sand":8,"minecraft:birch_planks":8,"minecraft:cooked_beef":32,"minecraft:oak_log":2,"minecraft:glass_bottle":1,"minecraft:diamond":1,"minecraft:cooked_porkchop":4,"minecraft:weeping_vines":2,"minecraft:lantern":2,"alexscaves:pewen_log":11,"minecraft:flint":1,"minecraft:red_mushroom":4,"minecraft:emerald":2,"minecraft:gold_block":1,"born_in_chaos_v1:monster_flesh":1,"minecraft:cracked_polished_blackstone_bricks":1,"minecraft:dirt":50,"minecraft:netherite_scrap":9,"born_in_chaos_v1:phantom_powder":1,"irons_spellbooks:hogskin":1,"minecraft:yellow_dye":1,"minecraft:cornflower":1,"alexscaves:dinosaur_nugget":2,"minecraft:chain":8,"minecraft:gold_nugget":1,"minecraft:wooden_sword":2,"minecraft:fishing_rod":1,"minecraft:white_wool":8,"minecraft:gold_ingot":10,"minecraft:bone":9,"minecraft:gravel":2,"minecraft:chiseled_polished_blackstone":1,"minecraft:blackstone":7,"alexscaves:pewen_sapling":1,"irons_spellbooks:diamond_spell_book":2,"alexsmobs:animal_dictionary":1,"minecraft:wheat":30,"minecraft:obsidian":1,"minecraft:rotten_flesh":55,"minecraft:oak_planks":61,"minecraft:mossy_stone_brick_slab":1,"alexscaves:pewen_wood":3,"alexscaves:thin_bone":3,"iceandfire:myrmex_resin_sticky_jungle":3,"minecraft:carrot":4,"minecraft:tipped_arrow":1,"minecraft:mangrove_log":2,"minecraft:jungle_log":16,"born_in_chaos_v1:corpse_maggot":7,"iceandfire:pixie_dust":1,"iceandfire:bestiary":2,"minecraft:basalt":9,"minecraft:arrow":30,"minecraft:beef":5,"born_in_chaos_v1:marigolds":1,"minecraft:netherrack":22,"iceandfire:manuscript":8,"minecraft:water_bucket":4,"minecraft:iron_ingot":2,"minecraft:bread":88,"minecraft:wheat_seeds":84,"minecraft:golden_helmet":1,"minecraft:cherry_log":1,"irons_spellbooks:legendary_ink":3,"iceandfire:myrmex_jungle_egg":2,"minecraft:coal":14,"minecraft:stick":7,"irons_spellbooks:scroll":7,"minecraft:iron_block":2,"minecraft:blue_dye":1,"minecraft:torch":60,"minecraft:lodestone":3,"biomesoplenty:brimstone":1,"minecraft:potion":3,"minecraft:iron_leggings":4,"minecraft:pumpkin":5,"alexscaves:primitive_club":2,"minecraft:chainmail_leggings":1,"minecraft:string":34,"minecraft:pink_petals":1,"irons_spellbooks:frozen_bone":10,"minecraft:bucket":7,"iceandfire:pixie_house_birch":3,"iceandfire:dragonbone":2,"iceandfire:silver_nugget":19,"irons_spellbooks:blaze_spell_book":1,"minecraft:moss_carpet":9,"alexsmobs:maggot":3,"alexscaves:serene_salad":1,"minecraft:cobblestone_wall":2,"minecraft:cocoa_beans":4,"minecraft:iron_boots":1,"minecraft:smoker":1,"minecraft:diamond_sword":2,"minecraft:hay_block":63,"minecraft:shield":3,"minecraft:flower_pot":1,"minecraft:diamond_pickaxe":2,"iceandfire:silver_ingot":2,"minecraft:golden_leggings":1,"minecraft:oak_sapling":1,"minecraft:stone_pressure_plate":1,"minecraft:bow":1,"minecraft:blue_orchid":1,"minecraft:magma_block":1},"minecraft:killed_by":{"irons_spellbooks:priest":1,"born_in_chaos_v1:nightmare_stalker":3,"minecraft:piglin_brute":1,"minecraft:creeper":1,"born_in_chaos_v1:bone_imp_minion":3,"irons_spellbooks:citadel_keeper":2,"minecraft:piglin":2,"born_in_chaos_v1:supreme_bonescaller_stage_2":3,"alexscaves:grottoceratops":1,"born_in_chaos_v1:dire_hound_leader":1,"minecraft:player":1,"alexscaves:vallumraptor":4,"born_in_chaos_v1:dread_hound":1},"minecraft:mined":{"minecraft:white_bed":3,"irons_spellbooks:armor_pile":3,"minecraft:mossy_stone_brick_slab":2,"minecraft:jungle_leaves":6,"biomesoplenty:brimstone":10,"minecraft:obsidian":6,"minecraft:grass_block":8,"born_in_chaos_v1:dark_metal_deposit":12,"alexscaves:pewen_branch":3,"minecraft:jungle_log":39,"iceandfire:lectern":1,"minecraft:coal_block":27,"minecraft:soul_soil":9,"minecraft:crimson_fungus":1,"minecraft:smooth_stone":3,"minecraft:spawner":12,"minecraft:polished_blackstone_bricks":1,"minecraft:weeping_vines_plant":1,"minecraft:magma_block":3,"minecraft:fire":13,"biomesoplenty:lavender":1,"minecraft:pumpkin":3,"alexscaves:fiddlehead":15,"minecraft:iron_block":6,"minecraft:blue_orchid":1,"iceandfire:myrmex_resin_jungle":6,"minecraft:crimson_nylium":3,"minecraft:smoker":1,"minecraft:soul_fire":1,"minecraft:torch":1,"alexscaves:ancient_leaves":25,"alexscaves:thin_bone":1,"minecraft:chest":1,"alexscaves:pewen_wood":2,"minecraft:oak_planks":9,"minecraft:sugar_cane":4,"minecraft:wall_torch":3,"minecraft:pink_petals":1,"minecraft:seagrass":1,"minecraft:cyan_wool":1,"minecraft:chain":6,"minecraft:warped_nylium":2,"minecraft:jungle_wood":4,"minecraft:nether_wart_block":1,"minecraft:wheat":77,"minecraft:warped_fungus":1,"minecraft:smooth_stone_slab":4,"minecraft:grass":108,"biomesoplenty:clover":12,"minecraft:oak_log":30,"minecraft:dirt":12,"minecraft:red_mushroom_block":3,"minecraft:oak_leaves":18,"minecraft:netherrack":268,"minecraft:dark_oak_log":2,"minecraft:dark_oak_fence":4,"biomesoplenty:bush":3,"alexscaves:pewen_log":41,"minecraft:jungle_planks":21,"minecraft:crimson_roots":1,"minecraft:weeping_vines":1,"minecraft:moss_block":7,"minecraft:large_fern":10,"minecraft:hay_block":48,"minecraft:packed_mud":1,"minecraft:furnace":3,"minecraft:gold_block":2,"minecraft:bookshelf":218,"minecraft:vine":7,"biomesoplenty:high_grass":22,"minecraft:lantern":1,"iceandfire:myrmex_resin_sticky_jungle":2,"alexscaves:curly_fern":11,"minecraft:stone":3,"minecraft:bone_block":17,"sophisticatedbackpacks:backpack":1,"minecraft:white_wool":7,"born_in_chaos_v1:marigolds":1,"minecraft:hanging_roots":3,"minecraft:soul_sand":2,"minecraft:basalt":1,"minecraft:dandelion":1,"minecraft:oak_fence":4,"minecraft:crafting_table":8,"minecraft:cornflower":1,"alexscaves:flytrap":8,"born_in_chaos_v1:black_argillite_brick_n":3,"alexscaves:tree_star":15,"biomesoplenty:high_grass_plant":26,"minecraft:tall_grass":20,"biomesoplenty:sprout":5,"biomesoplenty:huge_clover_petal":4,"minecraft:polished_blackstone_brick_stairs":1,"alexscaves:archaic_vine":2,"minecraft:spruce_stairs":2,"minecraft:cobblestone_wall":6,"minecraft:purple_concrete":3,"minecraft:yellow_bed":2,"minecraft:coal_ore":4,"iceandfire:silver_pile":16,"minecraft:cocoa":4,"alexscaves:cycad":4,"minecraft:gravel":1,"minecraft:cobweb":7,"minecraft:cracked_stone_bricks":1,"minecraft:chipped_anvil":1,"minecraft:fern":36},"minecraft:picked_up":{"minecraft:wooden_axe":8,"irons_spellbooks:scroll":20,"alexscaves:thin_bone":7,"minecraft:iron_chestplate":14,"minecraft:wheat":256,"alexscaves:tough_hide":14,"minecraft:flower_pot":2,"minecraft:lead":9,"minecraft:diamond_sword":29,"alexscaves:cave_tablet":7,"minecraft:potion":14,"minecraft:enchanted_book":8,"iceandfire:myrmex_jungle_chitin":50,"iceandfire:manuscript":16,"minecraft:string":119,"minecraft:soul_soil":80,"irons_spellbooks:heavy_chain_necklace":1,"minecraft:iron_leggings":22,"minecraft:netherite_ingot":3,"minecraft:experience_bottle":1,"biomesoplenty:brimstone":1,"born_in_chaos_v1:dark_metal_ingot":45,"alexsmobs:blood_sac":2,"irons_spellbooks:arcane_essence":6,"minecraft:diamond_leggings":3,"minecraft:gold_nugget":4,"minecraft:smooth_stone":3,"minecraft:bucket":7,"alexscaves:flytrap":9,"minecraft:netherite_upgrade_smithing_template":11,"minecraft:iron_pickaxe":24,"minecraft:coal_block":267,"minecraft:mangrove_log":2,"minecraft:furnace":3,"minecraft:iron_boots":29,"iceandfire:pixie_dust":3,"minecraft:tipped_arrow":17,"minecraft:golden_helmet":6,"minecraft:stick":161,"born_in_chaos_v1:shattered_skull":335,"minecraft:acacia_log":2,"minecraft:oak_fence":4,"born_in_chaos_v1:phantom_powder":3,"minecraft:torch":521,"alexscaves:heavy_bone":21,"iceandfire:myrmex_resin_sticky_jungle":3,"born_in_chaos_v1:pileof_dark_metal":3,"minecraft:porkchop":25,"minecraft:golden_axe":1,"minecraft:cherry_log":1,"born_in_chaos_v1:nightmare_claw":5,"minecraft:golden_chestplate":1,"minecraft:rotten_flesh":69,"minecraft:vex_armor_trim_smithing_template":1,"minecraft:blue_dye":11,"minecraft:iron_block":8,"alexscaves:serene_salad":12,"alexscaves:primitive_club":2,"minecraft:netherite_chestplate":4,"minecraft:obsidian":51,"minecraft:cobblestone":12,"biomesoplenty:lavender":1,"minecraft:birch_log":2,"born_in_chaos_v1:staffof_magic_arrows":3,"minecraft:pink_petals":3,"minecraft:magma_block":1,"minecraft:feather":28,"minecraft:cooked_beef":26,"born_in_chaos_v1:spiritual_dust":9,"minecraft:water_bucket":18,"minecraft:jungle_log":56,"minecraft:brown_wool":2,"minecraft:golden_leggings":1,"minecraft:jungle_wood":4,"minecraft:smoker":9,"minecraft:flint":4,"minecraft:dirt":300,"minecraft:lantern":4,"born_in_chaos_v1:monster_skin":356,"born_in_chaos_v1:marigolds":1,"irons_spellbooks:hogskin":7,"minecraft:bone":217,"minecraft:chipped_anvil":1,"iceandfire:myrmex_jungle_resin":67,"minecraft:bow":19,"minecraft:wheat_seeds":402,"minecraft:diamond_helmet":4,"minecraft:moss_block":5,"minecraft:oak_planks":527,"iceandfire:amphithere_feather":7,"irons_spellbooks:frozen_bone":57,"minecraft:chiseled_polished_blackstone":1,"minecraft:cooked_porkchop":91,"irons_spellbooks:legendary_ink":3,"iceandfire:pixie_house_birch":3,"iceandfire:shiny_scales":1,"minecraft:jungle_planks":828,"sophisticatedbackpacks:iron_backpack":4,"minecraft:dark_oak_log":6,"alexsmobs:animal_dictionary":3,"irons_spellbooks:blaze_spell_book":1,"born_in_chaos_v1:fire_dust":163,"minecraft:diamond":8,"iceandfire:lectern":1,"minecraft:cracked_polished_blackstone_bricks":1,"minecraft:golden_apple":20,"minecraft:emerald":26,"minecraft:bread":350,"alexsmobs:banana_slug_slime":3,"alexsmobs:maggot":14,"minecraft:oak_sapling":1,"born_in_chaos_v1:rotten_fish":12,"minecraft:netherrack":282,"minecraft:dark_oak_fence":2,"iceandfire:silver_nugget":146,"minecraft:diamond_pickaxe":9,"minecraft:fishing_rod":1,"minecraft:cocoa_beans":14,"minecraft:crafting_table":17,"minecraft:chicken":8,"minecraft:turtle_helmet":3,"born_in_chaos_v1:seedof_chaos":29,"domesticationinnovation:deed_of_ownership":2,"minecraft:wooden_pickaxe":7,"minecraft:gold_block":7,"minecraft:orange_banner":1,"minecraft:diamond_horse_armor":1,"iceandfire:amphithere_arrow":2,"minecraft:chain":16,"minecraft:shield":11,"alexscaves:dinosaur_nugget":15,"minecraft:cornflower":2,"irons_spellbooks:diamond_spell_book":2,"minecraft:moss_carpet":20,"alexscaves:fiddlehead":32,"minecraft:iron_axe":1,"minecraft:wooden_sword":3,"minecraft:netherite_scrap":76,"minecraft:iron_shovel":7,"alexscaves:dinosaur_chop":5,"minecraft:blackstone":9,"minecraft:blue_orchid":1,"iceandfire:bestiary":3,"minecraft:beef":5,"born_in_chaos_v1:gnawed_bones":51,"minecraft:cyan_wool":1,"minecraft:iron_nugget":124,"minecraft:sugar_cane":12,"minecraft:chest":4,"minecraft:raw_iron":14,"iceandfire:dragonbone":2,"alexscaves:cycad":31,"minecraft:bowl":15,"sophisticatedbackpacks:backpack":14,"minecraft:fire_charge":2,"minecraft:white_dye":2,"born_in_chaos_v1:pieceofdarkmetal":372,"minecraft:stone_pressure_plate":1,"iceandfire:silver_ingot":1,"minecraft:arrow":516,"minecraft:weeping_vines":4,"minecraft:diamond_chestplate":5,"born_in_chaos_v1:wood_splitter_axe":3,"alexscaves:pewen_wood":3,"minecraft:diamond_boots":3,"minecraft:hay_block":111,"minecraft:gold_ingot":366,"minecraft:mutton":18,"minecraft:bone_block":17,"minecraft:white_wool":70,"born_in_chaos_v1:fused_bone":3,"born_in_chaos_v1:corpse_maggot":8,"alexscaves:pewen_log":63,"minecraft:basalt":15,"born_in_chaos_v1:monster_flesh":105,"minecraft:leather":2,"minecraft:red_mushroom":1,"minecraft:filled_map":4,"minecraft:oak_log":38,"iceandfire:ectoplasm":1,"minecraft:yellow_bed":4,"minecraft:cobblestone_wall":8,"iceandfire:myrmex_resin_jungle":2,"minecraft:paper":9,"alexscaves:pewen_sapling":1,"alexscaves:cooked_dinosaur_chop":1,"born_in_chaos_v1:smoked_flesh":19,"irons_spellbooks:blood_vial":7,"minecraft:iron_ingot":251,"minecraft:cobweb":4,"alexscaves:curly_fern":63,"minecraft:glass_bottle":3,"irons_spellbooks:cinder_essence":66,"minecraft:iron_sword":22,"minecraft:soul_sand":15,"minecraft:purple_concrete":2,"minecraft:book":1042,"minecraft:warped_fungus":1,"minecraft:milk_bucket":1,"minecraft:pumpkin":15,"born_in_chaos_v1:orbofthe_summoner":17,"born_in_chaos_v1:ethereal_spirit":40,"minecraft:dandelion":1,"minecraft:gravel":1,"alexscaves:tree_star":20,"born_in_chaos_v1:fangofthe_hound_leader":66,"minecraft:blast_furnace":1,"minecraft:white_bed":7,"minecraft:mossy_stone_brick_slab":1,"minecraft:spider_eye":11,"alexscaves:pine_nuts":32,"minecraft:chainmail_leggings":10,"minecraft:iron_helmet":9,"iceandfire:myrmex_jungle_egg":6,"minecraft:diamond_axe":5,"minecraft:lodestone":4,"minecraft:coal":33,"alexscaves:ancient_sapling":4,"minecraft:ender_pearl":73},"minecraft:custom":{"minecraft:animals_bred":1,"minecraft:interact_with_crafting_table":39,"minecraft:open_barrel":77,"minecraft:leave_game":10,"minecraft:time_since_death":4723,"minecraft:damage_resisted":0,"minecraft:sprint_one_cm":993772,"minecraft:damage_blocked_by_shield":4633,"minecraft:drop":238,"minecraft:talked_to_villager":2,"minecraft:play_time":730006,"minecraft:deaths":35,"minecraft:jump":7943,"minecraft:interact_with_brewingstand":2,"minecraft:walk_on_water_one_cm":26908,"minecraft:interact_with_furnace":6,"minecraft:sleep_in_bed":8,"minecraft:damage_dealt":72829,"minecraft:player_kills":6,"minecraft:crouch_one_cm":118601,"minecraft:interact_with_smoker":7,"minecraft:interact_with_smithing_table":4,"minecraft:interact_with_anvil":2,"minecraft:mob_kills":385,"minecraft:damage_dealt_resisted":5509,"minecraft:climb_one_cm":13762,"minecraft:walk_one_cm":1111509,"minecraft:damage_dealt_absorbed":60,"minecraft:sneak_time":45203,"minecraft:walk_under_water_one_cm":28272,"minecraft:interact_with_blast_furnace":11,"minecraft:total_world_time":730006,"minecraft:time_since_rest":4750,"minecraft:damage_taken":22649,"minecraft:damage_absorbed":132,"minecraft:swim_one_cm":32501,"minecraft:fly_one_cm":2009203,"minecraft:open_chest":127,"minecraft:fall_one_cm":191202},"minecraft:broken":{"minecraft:golden_helmet":1,"minecraft:diamond_helmet":1,"minecraft:diamond_boots":1,"minecraft:wooden_axe":3,"minecraft:diamond_chestplate":1,"minecraft:diamond_leggings":1,"minecraft:iron_helmet":1},"minecraft:killed":{"minecraft:cave_spider":15,"born_in_chaos_v1:restless_spirit":2,"born_in_chaos_v1:zombie_lumberjack":2,"minecraft:spider":16,"born_in_chaos_v1:siamese_skeletonsright":1,"born_in_chaos_v1:baby_skeleton_minion":15,"minecraft:skeleton":16,"alexsmobs:banana_slug":1,"minecraft:chicken":4,"born_in_chaos_v1:skeleton_thrasher":1,"born_in_chaos_v1:supreme_bonescaller_stage_2":2,"minecraft:piglin_brute":3,"born_in_chaos_v1:firelight_not_despawn":1,"minecraft:magma_cube":11,"iceandfire:myrmex_worker":2,"minecraft:piglin":21,"born_in_chaos_v1:bonescaller":1,"minecraft:pig":12,"born_in_chaos_v1:bone_imp":4,"irons_spellbooks:necromancer":1,"minecraft:creeper":1,"alexsmobs:crimson_mosquito":3,"minecraft:sheep":5,"minecraft:pillager":1,"minecraft:zombie":26,"born_in_chaos_v1:dread_hound":27,"alexsmobs:terrapin":1,"born_in_chaos_v1:corpse_fly":1,"iceandfire:myrmex_queen":1,"minecraft:stray":25,"minecraft:ghast":1,"iceandfire:pixie":2,"born_in_chaos_v1:siamese_skeletonsleft":1,"minecraft:cow":3,"alexscaves:vallumraptor":12,"alexscaves:tremorsaurus":2,"minecraft:vex":2,"irons_spellbooks:summoned_zombie":7,"born_in_chaos_v1:zombie_bruiser":1,"born_in_chaos_v1:firelight":7,"born_in_chaos_v1:maggot":12,"born_in_chaos_v1:dire_hound_leader":3,"iceandfire:fire_dragon":1,"alexscaves:relicheirus":1,"minecraft:husk":2,"born_in_chaos_v1:bone_imp_minion":39,"born_in_chaos_v1:baby_skeleton":3,"born_in_chaos_v1:spirit_guide_assistant":2,"irons_spellbooks:citadel_keeper":14,"minecraft:hoglin":3,"born_in_chaos_v1:decrepit_skeleton":13,"born_in_chaos_v1:phantom_creeper_copy":1,"born_in_chaos_v1:decaying_zombie":1,"iceandfire:myrmex_soldier":1,"iceandfire:ghost":1,"born_in_chaos_v1:bonescaller_not_despawn":1,"alexscaves:grottoceratops":1}},"DataVersion":3465}