{"stats":{"minecraft:dropped":{"tameablebeasts:racoon_hat":1},"minecraft:used":{"tameablebeasts:racoon_spawn_egg":1,"tameablebeasts:penguin_egg":1,"tameablebeasts:argentavis_spawn_egg":1,"tameablebeasts:quetzal_spawn_egg":1,"tameablebeasts:penguin_spawn_egg":1},"minecraft:custom":{"minecraft:jump":17,"minecraft:time_since_rest":1736,"minecraft:damage_dealt":10,"minecraft:crouch_one_cm":177,"minecraft:sprint_one_cm":254,"minecraft:leave_game":2,"minecraft:play_time":1736,"minecraft:time_since_death":1736,"minecraft:walk_one_cm":2447,"minecraft:sneak_time":42,"minecraft:total_world_time":1736,"minecraft:drop":1,"minecraft:fly_one_cm":58}},"DataVersion":3465}