{"stats":{"minecraft:crafted":{"minecraft:birch_boat":1,"iceandfire:silver_shovel":2,"minecraft:cooked_mutton":12,"minecraft:glass":40,"minecraft:golden_axe":1,"minecraft:glass_bottle":9,"minecraft:wooden_shovel":1,"minecraft:cooked_porkchop":9,"minecraft:diamond_axe":1,"minecraft:iron_pickaxe":7,"minecraft:iron_block":3,"minecraft:gold_ingot":65,"irons_spellbooks:graybeard_staff":1,"minecraft:stone_pickaxe":1,"iceandfire:armor_silver_metal_boots":1,"minecraft:jungle_fence":3,"minecraft:dark_oak_planks":24,"minecraft:golden_helmet":5,"minecraft:wheat":639,"minecraft:golden_apple":3,"minecraft:iron_shovel":2,"minecraft:iron_leggings":5,"iceandfire:silver_pickaxe":1,"irons_spellbooks:diamond_spell_book":1,"minecraft:oak_planks":92,"irons_spellbooks:alchemist_cauldron":1,"minecraft:bow":1,"minecraft:iron_boots":4,"minecraft:chest":6,"minecraft:golden_boots":1,"minecraft:smoker":1,"sophisticatedbackpacks:backpack":2,"minecraft:cauldron":1,"minecraft:crafting_table":18,"minecraft:spruce_planks":8,"minecraft:wooden_pickaxe":1,"minecraft:iron_helmet":2,"minecraft:birch_planks":12,"minecraft:pumpkin_seeds":68,"minecraft:iron_chestplate":3,"minecraft:diamond_pickaxe":2,"minecraft:shield":3,"minecraft:stick":72,"minecraft:iron_ingot":98,"irons_spellbooks:magic_cloth":3,"minecraft:coal":9,"minecraft:furnace":2,"minecraft:iron_axe":1,"minecraft:cooked_beef":6,"minecraft:crimson_planks":16,"minecraft:diamond_sword":2,"iceandfire:silver_ingot":23,"minecraft:iron_sword":3,"minecraft:bucket":6,"minecraft:stone_axe":1,"minecraft:air":0,"minecraft:bread":289,"minecraft:jungle_planks":104,"minecraft:gold_nugget":2,"minecraft:anvil":1,"minecraft:torch":88,"minecraft:diamond_chestplate":1},"minecraft:used":{"irons_spellbooks:inscription_table":1,"minecraft:chest":4,"minecraft:rotten_flesh":6,"alexscaves:cooked_trilocaris_tail":4,"minecraft:lava_bucket":9,"minecraft:dark_oak_slab":1,"minecraft:stone_brick_stairs":1,"minecraft:bow":44,"minecraft:furnace":1,"minecraft:oak_sapling":1,"minecraft:potato":1,"minecraft:blackstone":14,"minecraft:wooden_pickaxe":6,"minecraft:cookie":1,"minecraft:golden_apple":13,"iceandfire:armor_silver_metal_boots":5,"minecraft:sand":2,"iceandfire:silver_pickaxe":460,"minecraft:crying_obsidian":1,"iceandfire:myrmex_resin_jungle":4,"alexscaves:cycad":2,"minecraft:nether_wart_block":2,"minecraft:diamond_sword":1084,"minecraft:coal_block":1,"minecraft:iron_bars":2,"minecraft:netherrack":1958,"minecraft:torch":26,"minecraft:anvil":1,"minecraft:iron_block":2,"minecraft:iron_axe":62,"minecraft:jungle_log":1,"minecraft:diamond_chestplate":10,"minecraft:basalt":19,"minecraft:beef":9,"minecraft:golden_axe":31,"minecraft:wheat_seeds":123,"minecraft:water_bucket":84,"minecraft:cracked_stone_bricks":1,"alexscaves:primitive_club":7,"minecraft:tnt":1,"minecraft:crafting_table":32,"alexscaves:trilocaris_bucket":12,"minecraft:white_bed":9,"minecraft:cake":1,"minecraft:oak_log":3,"minecraft:dark_prismarine":3,"minecraft:diamond_pickaxe":1522,"minecraft:iron_pickaxe":1584,"minecraft:cobblestone":43,"minecraft:potion":17,"minecraft:cooked_porkchop":35,"minecraft:porkchop":5,"minecraft:diamond_leggings":2,"minecraft:iron_shovel":71,"alexscaves:fiddlehead":1,"minecraft:bone_block":1,"minecraft:white_concrete_powder":4,"minecraft:shield":111,"minecraft:iron_sword":701,"minecraft:mossy_stone_brick_slab":2,"minecraft:iron_chestplate":2,"minecraft:mutton":1,"minecraft:jungle_planks":4,"minecraft:nether_bricks":10,"minecraft:carrot":5,"minecraft:cyan_wool":1,"minecraft:obsidian":8,"minecraft:glass":5,"minecraft:iron_helmet":3,"alexscaves:pewen_log":1,"minecraft:stone_bricks":10,"minecraft:magma_block":3,"minecraft:hay_block":1,"minecraft:golden_boots":2,"minecraft:diamond_boots":3,"minecraft:stone_pickaxe":49,"minecraft:jungle_fence":5,"minecraft:oak_planks":38,"minecraft:ender_pearl":4,"biomesoplenty:lavender":2,"minecraft:diamond_axe":128,"minecraft:white_wool":3,"iceandfire:podium_spruce":1,"minecraft:black_bed":8,"minecraft:dark_oak_log":1,"minecraft:bread":299,"minecraft:string":1,"born_in_chaos_v1:marigolds":1,"minecraft:golden_helmet":7,"minecraft:golden_pickaxe":1,"minecraft:experience_bottle":1,"minecraft:oak_fence":13,"biomesoplenty:brimstone":4,"minecraft:flint_and_steel":2,"minecraft:spruce_planks":2,"minecraft:dirt":105,"minecraft:spruce_stairs":2,"alexscaves:limestone":3,"minecraft:spruce_fence":1,"minecraft:dark_oak_planks":14,"minecraft:iron_boots":5,"minecraft:crimson_planks":5,"minecraft:light_gray_wool":1,"minecraft:cooked_beef":24,"minecraft:pumpkin":2,"minecraft:iron_leggings":9,"alexscaves:dinosaur_nugget":3,"minecraft:cooked_mutton":13,"minecraft:iron_ore":6,"minecraft:glass_bottle":5,"minecraft:birch_boat":3,"minecraft:warped_roots":1,"minecraft:jungle_wood":8,"alexscaves:curly_fern":1,"minecraft:smoker":1,"irons_spellbooks:alchemist_cauldron":1,"minecraft:black_wool":1,"minecraft:apple":29,"minecraft:golden_leggings":3,"domesticationinnovation:drum":1,"minecraft:stone_axe":69,"minecraft:stripped_crimson_hyphae":8,"minecraft:bucket":107,"born_in_chaos_v1:wood_splitter_axe":8,"iceandfire:silver_shovel":44,"iceandfire:myrmex_resin_sticky_jungle":1,"minecraft:gray_wool":2,"minecraft:splash_potion":1},"minecraft:dropped":{"minecraft:iron_sword":3,"minecraft:glass_bottle":6,"minecraft:diamond":3,"minecraft:cooked_porkchop":5,"alexscaves:flytrap":1,"minecraft:weeping_vines":1,"minecraft:item_frame":1,"born_in_chaos_v1:monster_flesh":3,"minecraft:dirt":4,"minecraft:yellow_dye":5,"minecraft:chain":12,"minecraft:wooden_sword":2,"minecraft:gold_nugget":14,"minecraft:bone_meal":1,"minecraft:iron_pickaxe":3,"minecraft:dark_oak_planks":3,"minecraft:fishing_rod":1,"minecraft:white_wool":1,"iceandfire:myrmex_resin_jungle":3,"minecraft:bone":4,"minecraft:golden_chestplate":1,"minecraft:obsidian":5,"minecraft:rotten_flesh":33,"minecraft:white_bed":1,"alexscaves:dinosaur_chop":1,"minecraft:charcoal":2,"iceandfire:bestiary":1,"minecraft:beef":6,"born_in_chaos_v1:shattered_skull":3,"minecraft:wheat_seeds":242,"biomesoplenty:lavender":6,"minecraft:feather":1,"minecraft:iron_helmet":1,"minecraft:coal":20,"minecraft:coal_block":42,"minecraft:diamond_horse_armor":1,"biomesoplenty:brimstone":1,"minecraft:diamond_helmet":1,"minecraft:potion":6,"irons_spellbooks:blood_vial":1,"alexscaves:primitive_club":2,"minecraft:paper":6,"minecraft:string":28,"iceandfire:silver_nugget":4,"alexsmobs:music_disc_thime":1,"minecraft:cocoa_beans":1,"born_in_chaos_v1:rotten_fish":9,"minecraft:iron_boots":4,"sophisticatedbackpacks:backpack":1,"minecraft:spruce_fence":1,"minecraft:pumpkin_seeds":33,"minecraft:blast_furnace":1,"minecraft:diamond_sword":1,"minecraft:potato":1,"minecraft:stone":1,"alexscaves:heavy_bone":2,"minecraft:diamond_pickaxe":2,"minecraft:spider_eye":1,"minecraft:blue_orchid":3,"minecraft:bow":2,"minecraft:black_wool":2,"minecraft:soul_sand":2,"minecraft:netherite_upgrade_smithing_template":2,"minecraft:netherite_scrap":9,"minecraft:mutton":3,"minecraft:crimson_roots":1,"minecraft:gold_ingot":25,"minecraft:crimson_fungus":1,"irons_spellbooks:diamond_spell_book":3,"alexscaves:pewen_sapling":2,"born_in_chaos_v1:fire_dust":2,"born_in_chaos_v1:ethereal_spirit":2,"minecraft:poppy":1,"born_in_chaos_v1:seedof_chaos":1,"minecraft:beetroot_seeds":1,"born_in_chaos_v1:corpse_maggot":7,"minecraft:chest":1,"minecraft:basalt":3,"minecraft:arrow":34,"minecraft:netherrack":50,"minecraft:water_bucket":2,"minecraft:bread":19,"minecraft:golden_helmet":2,"irons_spellbooks:legendary_ink":1,"iceandfire:myrmex_jungle_egg":6,"minecraft:golden_axe":2,"minecraft:stick":10,"minecraft:torch":1,"minecraft:nether_wart_block":2,"minecraft:iron_leggings":5,"irons_spellbooks:blaze_spell_book":2,"alexsmobs:maggot":3,"alexscaves:serene_salad":1,"alexscaves:fiddlehead":1,"born_in_chaos_v1:spiritual_dust":2,"minecraft:diamond_chestplate":1,"minecraft:iron_chestplate":4,"minecraft:golden_leggings":6,"minecraft:oak_sapling":1,"minecraft:wooden_pickaxe":1},"minecraft:killed_by":{"irons_spellbooks:priest":1,"minecraft:piglin_brute":3,"irons_spellbooks:citadel_keeper":1,"minecraft:zombie":3,"minecraft:vex":1,"minecraft:husk":1,"alexscaves:vallumraptor":6,"born_in_chaos_v1:decrepit_skeleton":1,"minecraft:zombified_piglin":1,"minecraft:creeper":1,"born_in_chaos_v1:bone_imp_minion":1,"iceandfire:stymphalian_bird":1,"minecraft:cave_spider":1,"born_in_chaos_v1:spirit_guide_assistant":2,"alexscaves:grottoceratops":1,"iceandfire:fire_dragon":1,"minecraft:player":6},"minecraft:picked_up":{"minecraft:iron_chestplate":7,"alexscaves:tough_hide":4,"minecraft:diamond_sword":10,"minecraft:lead":13,"irons_spellbooks:holy_rune":23,"minecraft:enchanted_book":1,"minecraft:polished_blackstone_brick_stairs":21,"minecraft:string":102,"minecraft:diamond_leggings":8,"minecraft:gold_nugget":589,"minecraft:spruce_planks":4,"minecraft:netherite_upgrade_smithing_template":2,"irons_spellbooks:blank_rune":2,"minecraft:coal_block":187,"minecraft:golden_helmet":4,"born_in_chaos_v1:shattered_skull":104,"iceandfire:myrmex_resin_sticky_jungle":1,"minecraft:golden_axe":2,"minecraft:golden_chestplate":1,"iceandfire:armor_silver_metal_boots":5,"minecraft:blue_dye":1,"minecraft:iron_block":2,"alexscaves:serene_salad":2,"minecraft:netherite_chestplate":1,"alexscaves:primitive_club":7,"minecraft:blaze_rod":23,"minecraft:iron_bars":2,"biomesoplenty:lavender":9,"minecraft:birch_log":3,"minecraft:magma_block":6,"minecraft:feather":1,"minecraft:cooked_beef":59,"born_in_chaos_v1:spiritual_dust":18,"minecraft:water_bucket":9,"minecraft:jungle_log":9,"minecraft:jungle_wood":32,"irons_spellbooks:concentration_amulet":7,"born_in_chaos_v1:marigolds":1,"alexscaves:cooked_trilocaris_tail":4,"minecraft:glowstone_dust":39,"minecraft:chiseled_polished_blackstone":4,"irons_spellbooks:legendary_ink":15,"minecraft:stripped_spruce_log":1,"sophisticatedbackpacks:iron_backpack":6,"minecraft:dark_oak_log":7,"alexsmobs:animal_dictionary":3,"minecraft:bread":426,"alexsmobs:maggot":7,"born_in_chaos_v1:rotten_fish":12,"minecraft:crimson_roots":15,"minecraft:diamond_pickaxe":20,"sophisticatedbackpacks:gold_backpack":6,"minecraft:crafting_table":27,"iceandfire:witherbone":10,"minecraft:nether_wart":8,"born_in_chaos_v1:seedof_chaos":2,"minecraft:golden_pickaxe":5,"irons_spellbooks:diamond_spell_book":7,"alexscaves:fiddlehead":1,"alexsmobs:pigshoes":1,"minecraft:flint_and_steel":1,"minecraft:netherite_scrap":37,"born_in_chaos_v1:intoxicating_decoction":2,"minecraft:iron_shovel":11,"minecraft:cracked_stone_bricks":1,"iceandfire:bestiary":7,"minecraft:beef":39,"minecraft:cyan_wool":2,"minecraft:jungle_sapling":2,"minecraft:iron_nugget":710,"minecraft:poppy":1,"minecraft:chest":1,"alexscaves:cycad":6,"minecraft:spruce_fence":2,"alexsmobs:straddlite":2,"sophisticatedbackpacks:backpack":8,"minecraft:fire_charge":3,"minecraft:cake":1,"born_in_chaos_v1:pieceofdarkmetal":24,"minecraft:carrot":10,"minecraft:tnt":1,"minecraft:diamond_chestplate":22,"minecraft:beetroot_seeds":1,"born_in_chaos_v1:wood_splitter_axe":3,"minecraft:diamond_boots":7,"minecraft:hay_block":77,"minecraft:gold_ingot":54,"minecraft:mutton":21,"minecraft:bone_block":1,"minecraft:white_wool":16,"alexscaves:pewen_log":1,"born_in_chaos_v1:monster_flesh":19,"minecraft:yellow_dye":5,"minecraft:jungle_fence":3,"minecraft:oak_log":24,"minecraft:golden_boots":4,"iceandfire:myrmex_resin_jungle":7,"alexscaves:pewen_sapling":2,"minecraft:apple":8,"minecraft:stone_bricks":10,"born_in_chaos_v1:smoked_flesh":30,"minecraft:iron_sword":15,"alexscaves:trilocaris_bucket":1,"minecraft:dark_oak_slab":1,"born_in_chaos_v1:orbofthe_summoner":2,"born_in_chaos_v1:ethereal_spirit":5,"minecraft:gravel":16,"minecraft:spruce_log":1,"minecraft:crying_obsidian":2,"minecraft:oak_wood":5,"alexscaves:pine_nuts":1,"iceandfire:myrmex_jungle_egg":12,"minecraft:diamond_axe":4,"minecraft:gray_wool":2,"minecraft:warped_roots":1,"minecraft:lodestone":1,"minecraft:ender_pearl":17,"irons_spellbooks:scroll":49,"minecraft:wheat":237,"minecraft:nether_brick_fence":1,"alexscaves:cave_tablet":1,"minecraft:potion":7,"minecraft:nether_brick":7,"minecraft:stone_brick_stairs":1,"minecraft:crimson_planks":7,"minecraft:iron_leggings":19,"minecraft:netherite_ingot":6,"minecraft:zombie_head":1,"minecraft:experience_bottle":1,"biomesoplenty:brimstone":21,"irons_spellbooks:arcane_essence":403,"alexsmobs:blood_sac":18,"minecraft:bucket":13,"minecraft:iron_pickaxe":27,"irons_spellbooks:inscription_table":3,"alexscaves:flytrap":1,"minecraft:iron_boots":10,"minecraft:tipped_arrow":8,"minecraft:stick":45,"minecraft:oak_fence":13,"born_in_chaos_v1:phantom_powder":4,"minecraft:torch":208,"minecraft:spruce_stairs":3,"alexscaves:heavy_bone":10,"minecraft:porkchop":37,"minecraft:rotten_flesh":146,"minecraft:obsidian":7,"minecraft:cobblestone":100,"minecraft:magma_cream":8,"minecraft:black_bed":9,"minecraft:golden_leggings":6,"minecraft:potato":1,"minecraft:wither_skeleton_skull":8,"minecraft:dirt":168,"born_in_chaos_v1:monster_skin":43,"minecraft:bone":117,"irons_spellbooks:hogskin":11,"minecraft:glass":26,"iceandfire:myrmex_jungle_resin":1,"minecraft:bow":9,"minecraft:wheat_seeds":757,"minecraft:oak_planks":78,"irons_spellbooks:frozen_bone":7,"minecraft:cooked_porkchop":31,"iceandfire:podium_spruce":1,"iceandfire:pixie_house_birch":4,"minecraft:sand":42,"minecraft:jungle_planks":18,"minecraft:dark_prismarine":3,"irons_spellbooks:blaze_spell_book":10,"born_in_chaos_v1:fire_dust":29,"minecraft:diamond":43,"irons_spellbooks:divine_pearl":39,"minecraft:cracked_polished_blackstone_bricks":16,"minecraft:bone_meal":2,"minecraft:emerald":23,"alexsmobs:banana_slug_slime":5,"minecraft:oak_sapling":11,"biomesoplenty:pink_daffodil":1,"minecraft:netherrack":3562,"irons_spellbooks:uncommon_ink":17,"iceandfire:silver_nugget":275,"minecraft:cocoa_beans":11,"minecraft:charcoal":2,"minecraft:fishing_rod":2,"minecraft:splash_potion":2,"minecraft:wooden_pickaxe":3,"minecraft:gold_block":33,"minecraft:chain":20,"minecraft:shield":10,"alexscaves:dinosaur_nugget":2,"minecraft:moss_carpet":5,"minecraft:iron_axe":7,"minecraft:wooden_sword":2,"minecraft:item_frame":1,"alexscaves:dinosaur_chop":1,"minecraft:blackstone":178,"minecraft:blue_orchid":5,"irons_spellbooks:epic_ink":10,"minecraft:light_gray_wool":1,"minecraft:sugar_cane":9,"minecraft:raw_iron":21,"minecraft:stripped_crimson_hyphae":8,"minecraft:bowl":8,"minecraft:polished_blackstone_bricks":11,"minecraft:cookie":1,"minecraft:iron_horse_armor":2,"minecraft:dark_oak_planks":1,"iceandfire:silver_ingot":14,"minecraft:arrow":142,"minecraft:weeping_vines":9,"minecraft:nether_bricks":75,"minecraft:skeleton_skull":1,"born_in_chaos_v1:corpse_maggot":32,"minecraft:basalt":62,"minecraft:crimson_stem":4,"minecraft:leather":54,"iceandfire:silver_shovel":5,"minecraft:birch_planks":8,"alexscaves:limestone":8,"minecraft:crimson_fungus":2,"iceandfire:ectoplasm":7,"minecraft:nether_wart_block":6,"alexscaves:amber":4,"irons_spellbooks:rare_ink":20,"minecraft:cooked_mutton":1,"irons_spellbooks:common_ink":11,"minecraft:iron_ingot":201,"minecraft:stripped_oak_wood":3,"alexscaves:curly_fern":9,"irons_spellbooks:cinder_essence":52,"minecraft:soul_sand":2,"minecraft:oak_slab":1,"minecraft:warped_fungus":7,"minecraft:pumpkin":19,"born_in_chaos_v1:death_totem":1,"minecraft:birch_boat":3,"minecraft:quartz":20,"minecraft:blast_furnace":2,"minecraft:white_bed":14,"minecraft:mossy_stone_brick_slab":2,"minecraft:spider_eye":15,"iceandfire:silver_pickaxe":2,"minecraft:pumpkin_seeds":23,"minecraft:white_concrete_powder":4,"minecraft:stripped_jungle_wood":4,"minecraft:iron_helmet":7,"minecraft:black_wool":3,"minecraft:coal":185},"minecraft:mined":{"minecraft:dark_oak_planks":1,"minecraft:white_bed":10,"irons_spellbooks:armor_pile":18,"minecraft:jungle_leaves":22,"biomesoplenty:brimstone":22,"alexscaves:limestone":8,"minecraft:obsidian":3,"minecraft:chiseled_polished_blackstone":3,"minecraft:jungle_log":8,"minecraft:nether_wart":5,"minecraft:spawner":6,"minecraft:polished_blackstone_bricks":8,"minecraft:weeping_vines_plant":6,"minecraft:fire":111,"biomesoplenty:lavender":3,"minecraft:pumpkin":21,"alexscaves:fiddlehead":1,"iceandfire:gold_pile":22,"minecraft:iron_block":2,"minecraft:crimson_nylium":23,"minecraft:soul_fire":14,"minecraft:torch":1,"minecraft:blast_furnace":1,"minecraft:white_stained_glass_pane":1,"minecraft:sugar_cane":5,"minecraft:skeleton_skull":1,"minecraft:chain":6,"minecraft:cyan_wool":1,"minecraft:jungle_wood":29,"minecraft:wheat":198,"minecraft:black_bed":8,"minecraft:stone_brick_stairs":1,"minecraft:grass":140,"minecraft:dark_prismarine":3,"iceandfire:pixie_house_birch":1,"minecraft:dark_oak_log":7,"minecraft:nether_bricks":66,"minecraft:spruce_fence":2,"minecraft:stripped_jungle_wood":4,"minecraft:crimson_roots":22,"minecraft:moss_block":2,"minecraft:white_concrete_powder":4,"minecraft:potatoes":1,"biomesoplenty:high_grass":5,"minecraft:vine":10,"biomesoplenty:brimstone_bud":1,"iceandfire:myrmex_resin_sticky_jungle":2,"irons_spellbooks:inscription_table":2,"iceandfire:podium_spruce":1,"minecraft:bone_block":3,"minecraft:oak_slab":1,"minecraft:glass_pane":2,"minecraft:dandelion":1,"alexscaves:flytrap":1,"minecraft:emerald_ore":1,"minecraft:warped_roots":1,"minecraft:campfire":1,"biomesoplenty:high_grass_plant":7,"minecraft:tall_grass":10,"minecraft:spruce_log":1,"minecraft:jungle_fence":3,"iceandfire:silver_pile":15,"alexscaves:cycad":1,"minecraft:zombie_head":1,"minecraft:gravel":1,"minecraft:cobweb":29,"minecraft:stone_bricks":11,"minecraft:fern":25,"minecraft:spruce_planks":4,"minecraft:stripped_crimson_hyphae":8,"minecraft:grass_block":31,"minecraft:cracked_polished_blackstone_bricks":17,"minecraft:gilded_blackstone":1,"minecraft:glowstone":9,"minecraft:iron_ore":8,"minecraft:iron_bars":2,"minecraft:blackstone":119,"iceandfire:myrmex_resin_jungle":3,"alexscaves:ancient_leaves":8,"minecraft:poppy":1,"minecraft:chest":1,"minecraft:mushroom_stem":47,"minecraft:nether_quartz_ore":15,"minecraft:cobblestone":9,"minecraft:oak_planks":1,"minecraft:wall_torch":2,"minecraft:nether_wart_block":3,"minecraft:birch_log":3,"minecraft:stripped_oak_wood":3,"minecraft:tnt":1,"biomesoplenty:clover":1,"minecraft:oak_log":22,"minecraft:beetroots":1,"minecraft:sand":42,"minecraft:dirt":86,"minecraft:crimson_planks":1,"minecraft:netherrack":2959,"minecraft:oak_leaves":30,"minecraft:nether_gold_ore":7,"minecraft:crying_obsidian":3,"minecraft:dark_oak_leaves":1,"biomesoplenty:bush":4,"minecraft:weeping_vines":3,"minecraft:crimson_stem":4,"minecraft:large_fern":9,"minecraft:hay_block":77,"alexscaves:subterranodon_egg":5,"minecraft:carrots":1,"minecraft:stripped_spruce_log":1,"minecraft:gold_block":18,"minecraft:nether_brick_fence":1,"alexscaves:curly_fern":1,"minecraft:stone":75,"minecraft:podzol":7,"minecraft:acacia_leaves":4,"minecraft:basalt":58,"minecraft:oak_fence":14,"minecraft:crafting_table":16,"minecraft:oak_wood":5,"biomesoplenty:sprout":3,"minecraft:polished_blackstone_brick_stairs":2,"minecraft:spruce_stairs":3,"minecraft:gray_wool":2,"biomesoplenty:pink_daffodil":1,"minecraft:coal_ore":27,"minecraft:cocoa":3},"minecraft:custom":{"minecraft:interact_with_crafting_table":109,"minecraft:open_barrel":135,"minecraft:eat_cake_slice":12,"minecraft:leave_game":11,"minecraft:time_since_death":7277,"minecraft:damage_blocked_by_shield":3780,"minecraft:play_time":760284,"minecraft:deaths":44,"minecraft:jump":13424,"minecraft:interact_with_furnace":24,"minecraft:sleep_in_bed":25,"minecraft:damage_dealt":86089,"minecraft:interact_with_smoker":18,"minecraft:horse_one_cm":1969,"minecraft:interact_with_anvil":5,"minecraft:sneak_time":82909,"minecraft:interact_with_blast_furnace":9,"minecraft:total_world_time":760284,"minecraft:time_since_rest":7307,"minecraft:swim_one_cm":112992,"minecraft:fly_one_cm":2297545,"minecraft:open_chest":343,"minecraft:fall_one_cm":426307,"minecraft:animals_bred":1,"minecraft:sprint_one_cm":2705070,"minecraft:drop":482,"minecraft:talked_to_villager":4,"minecraft:walk_on_water_one_cm":70705,"minecraft:player_kills":1,"minecraft:crouch_one_cm":288244,"minecraft:mob_kills":526,"minecraft:interact_with_campfire":33,"minecraft:damage_dealt_resisted":4304,"minecraft:climb_one_cm":43969,"minecraft:walk_one_cm":1640353,"minecraft:walk_under_water_one_cm":58616,"minecraft:boat_one_cm":19800,"minecraft:damage_taken":35367,"minecraft:damage_absorbed":536,"minecraft:trigger_trapped_chest":3},"minecraft:broken":{"minecraft:golden_boots":1,"minecraft:iron_boots":1,"minecraft:iron_chestplate":1,"minecraft:iron_leggings":1,"minecraft:diamond_pickaxe":1,"minecraft:iron_sword":1,"minecraft:shield":1,"minecraft:iron_pickaxe":1,"minecraft:iron_helmet":1,"minecraft:golden_helmet":3,"iceandfire:silver_pickaxe":1},"minecraft:killed":{"minecraft:cave_spider":4,"born_in_chaos_v1:restless_spirit":3,"born_in_chaos_v1:zombie_lumberjack":1,"born_in_chaos_v1:door_knight_not_despawn":1,"born_in_chaos_v1:baby_skeleton_minion":9,"minecraft:skeleton":25,"alexsmobs:leafcutter_ant":5,"born_in_chaos_v1:skeleton_thrasher":1,"alexsmobs:straddler":2,"born_in_chaos_v1:supreme_bonescaller_stage_2":1,"iceandfire:myrmex_worker":6,"minecraft:magma_cube":110,"born_in_chaos_v1:bone_imp":3,"minecraft:zombie":26,"born_in_chaos_v1:corpse_fly":12,"alexscaves:trilocaris":8,"born_in_chaos_v1:door_knight":2,"minecraft:cow":24,"born_in_chaos_v1:skeleton_thrasher_not_despawn":1,"born_in_chaos_v1:firelight":23,"endermanoverhaul:crimson_forest_enderman":1,"minecraft:husk":2,"born_in_chaos_v1:bone_imp_minion":8,"irons_spellbooks:citadel_keeper":7,"born_in_chaos_v1:decrepit_skeleton":4,"iceandfire:ghost":5,"born_in_chaos_v1:zombie_clown":1,"irons_spellbooks:priest":19,"minecraft:spider":7,"alexsmobs:banana_slug":1,"iceandfire:myrmex_royal":1,"minecraft:piglin_brute":18,"born_in_chaos_v1:firelight_not_despawn":2,"minecraft:piglin":14,"minecraft:zombie_villager":1,"alexsmobs:stradpole":1,"minecraft:creeper":1,"alexsmobs:crimson_mosquito":14,"minecraft:sheep":10,"born_in_chaos_v1:zombie_fisherman":1,"born_in_chaos_v1:dread_hound":3,"minecraft:stray":3,"minecraft:blaze":35,"alexscaves:vallumraptor":14,"minecraft:vex":1,"born_in_chaos_v1:zombie_bruiser":3,"born_in_chaos_v1:maggot":7,"minecraft:drowned":1,"born_in_chaos_v1:corpse_fish":11,"alexscaves:relicheirus":1,"iceandfire:myrmex_sentinel":1,"born_in_chaos_v1:baby_skeleton":2,"born_in_chaos_v1:spirit_guide_assistant":1,"minecraft:hoglin":10,"iceandfire:myrmex_soldier":3,"alexscaves:subterranodon":2,"born_in_chaos_v1:bonescaller_not_despawn":4,"minecraft:wither_skeleton":19,"minecraft:villager":1}},"DataVersion":3465}